{
    "multipart": [
        {   "apply": { "model": "fence/acacia_post" }},
        {   "when": { "north": "true" },
            "apply": { "model": "fence/acacia_north" }
        },
        {   "when": { "east": "true" },
            "apply": { "model": "fence/acacia_north", "y": 90, "uvlock": false }
        },
        {   "when": { "south": "true" },
            "apply": { "model": "fence/acacia_south" }
        },
        {   "when": { "west": "true" },
            "apply": { "model": "fence/acacia_south", "y": 90, "uvlock": false }
        }
    ]
}
