{
    "variants": {
        "normal": [
		{ "model": "sandstonered/carved", "weight": 101 },
		{ "model": "sandstonered/carved_a", "weight": 100 },
		{ "model": "sandstonered/carved_b", "weight": 100 },
		{ "model": "sandstonered/carved_c", "weight": 100 },
		{ "model": "sandstonered/carved_d", "weight": 100 },
		{ "model": "sandstonered/carved_e", "weight": 100 },
		{ "model": "sandstonered/carved_f", "weight": 100 }, 
		{ "model": "sandstonered/carved_g", "weight": 100 }, 
		{ "model": "sandstonered/carved_h", "weight": 7 },
		{ "model": "sandstonered/carved_i", "weight": 7 }
		]
    }
}
