{
    "variants": {
        "normal": [
		{ "model": "sandstone/carved", "weight": 101 },
		{ "model": "sandstone/carved_a", "weight": 100 },
		{ "model": "sandstone/carved_b", "weight": 100 },
		{ "model": "sandstone/carved_c", "weight": 100 },
		{ "model": "sandstone/carved_d", "weight": 100 },
		{ "model": "sandstone/carved_e", "weight": 100 },
		{ "model": "sandstone/carved_f", "weight": 100 },
		{ "model": "sandstone/carved_g", "weight": 100 },
		{ "model": "sandstone/carved_h", "weight": 7 },
		{ "model": "sandstone/carved_i", "weight": 7 }
		]
    }
}
