{
    "variants": {
        "half=top": [
		{ "model": "slab/cobblestone/upper", "weight": 35 },
		{ "model": "slab/cobblestone/upper_a", "weight": 30 },
		{ "model": "slab/cobblestone/upper_b", "weight": 25 },
		{ "model": "slab/cobblestone/upper_c", "weight": 5 },
		{ "model": "slab/cobblestone/upper_d", "weight": 5 },
		{ "model": "slab/cobblestone/upper_e", "weight": 5 },
		{ "model": "slab/cobblestone/upper_f", "weight": 10 },
		{ "model": "slab/cobblestone/upper_g", "weight": 10 }
		],
        "half=bottom": [
		{ "model": "slab/cobblestone/lower", "weight": 35 },
		{ "model": "slab/cobblestone/lower_a", "weight": 30 },
		{ "model": "slab/cobblestone/lower_b", "weight": 25 },
		{ "model": "slab/cobblestone/lower_c", "weight": 5 },
		{ "model": "slab/cobblestone/lower_d", "weight": 5 },
		{ "model": "slab/cobblestone/lower_e", "weight": 5 },
		{ "model": "slab/cobblestone/lower_f", "weight": 10 },
		{ "model": "slab/cobblestone/lower_g", "weight": 10 }
		]
    }
}
