{
    "variants": {
        "powered=false,shape=north_south":  { "model": "rail/detector_off" },
        "powered=false,shape=east_west":  { "model": "rail/detector_off", "y": 90 },
        "powered=false,shape=ascending_east": { "model": "rail/detector_off_up", "y": 90 },
        "powered=false,shape=ascending_west": { "model": "rail/detector_off_up", "y": -90 },
        "powered=false,shape=ascending_north": { "model": "rail/detector_off_up" },
        "powered=false,shape=ascending_south": { "model": "rail/detector_off_up", "y": 180 },
        "powered=true,shape=north_south":  { "model": "rail/detector_on" },
        "powered=true,shape=east_west":  { "model": "rail/detector_on", "y": 90 },
        "powered=true,shape=ascending_east": { "model": "rail/detector_on_up", "y": 90 },
        "powered=true,shape=ascending_west": { "model": "rail/detector_on_up", "y": -90 },
        "powered=true,shape=ascending_north": { "model": "rail/detector_on_up" },
        "powered=true,shape=ascending_south": { "model": "rail/detector_on_up", "y": 180 }
    }
}
