{
    "variants": {
        "snowy=false": [
		{ "model": "grass_normal", "weight": 50 },
        { "model": "grass/grass", "weight": 150 },
		{ "model": "grass/grass_a", "weight": 100 },
		{ "model": "grass/grass_b", "weight": 150 },
		{ "model": "grass/grass_c", "weight": 150 },
		{ "model": "grass/grass_d", "weight": 5 },
		{ "model": "grass/grass_e", "weight": 5 },
		{ "model": "grass/grass_f", "weight": 5 },
		{ "model": "grass/grass_g", "weight": 5 },
		{ "model": "grass/grass_h", "weight": 5 },
		{ "model": "grass/grass_i", "weight": 5 },
		{ "model": "grass/grass_j", "weight": 50 },
		{ "model": "grass/grass_k", "weight": 50 },
		{ "model": "grass/grass_flowers_a", "weight": 4 },
		{ "model": "grass/grass_flowers_b", "weight": 4 },
		{ "model": "grass/grass_flowers_c", "weight": 4 },
		{ "model": "grass/grass_flowers_d", "weight": 4 },
		{ "model": "grass/grass_flowers_e", "weight": 4 },
		{ "model": "grass/grass_stone_a", "weight": 2 },
		{ "model": "grass/grass_stone_b", "weight": 2 },
		
		
        { "model": "grass/grass", "weight": 150, "y":  90 },
		{ "model": "grass/grass_a", "weight": 100, "y":  90 },
		{ "model": "grass/grass_b", "weight": 150, "y":  90 },
		{ "model": "grass/grass_c", "weight": 150, "y":  90 },
		{ "model": "grass/grass_d", "weight": 5, "y":  90 },
		{ "model": "grass/grass_e", "weight": 5, "y":  90 },
		{ "model": "grass/grass_f", "weight": 5, "y":  90 },
		{ "model": "grass/grass_g", "weight": 5, "y":  90 },
		{ "model": "grass/grass_h", "weight": 5, "y":  90 },
		{ "model": "grass/grass_i", "weight": 5, "y":  90 },
		{ "model": "grass/grass_flowers_a", "weight": 4, "y":  90 },
		{ "model": "grass/grass_flowers_b", "weight": 4, "y":  90 },
		{ "model": "grass/grass_flowers_c", "weight": 4, "y":  90 },
		{ "model": "grass/grass_flowers_d", "weight": 4, "y":  90 },
		{ "model": "grass/grass_flowers_e", "weight": 4, "y":  90 },
		{ "model": "grass/grass_stone_a", "weight": 2, "y":  90 },
		{ "model": "grass/grass_stone_b", "weight": 2, "y":  90 },
		
		{ "model": "grass/grass", "weight": 150, "y":  180 },
		{ "model": "grass/grass_a", "weight": 100, "y":  180 },
		{ "model": "grass/grass_b", "weight": 150, "y":  180 },
		{ "model": "grass/grass_c", "weight": 150, "y":  180 },
		{ "model": "grass/grass_d", "weight": 5, "y":  180 },
		{ "model": "grass/grass_e", "weight": 5, "y":  180 },
		{ "model": "grass/grass_f", "weight": 5, "y":  180 },
		{ "model": "grass/grass_g", "weight": 5, "y":  180 },
		{ "model": "grass/grass_h", "weight": 5, "y":  180 },
		{ "model": "grass/grass_i", "weight": 5, "y":  180 },
		{ "model": "grass/grass_flowers_a", "weight": 4, "y":  180 },
		{ "model": "grass/grass_flowers_b", "weight": 4, "y":  180 },
		{ "model": "grass/grass_flowers_c", "weight": 4, "y":  180 },
		{ "model": "grass/grass_flowers_d", "weight": 4, "y":  180 },
		{ "model": "grass/grass_flowers_e", "weight": 4, "y":  180 },
		{ "model": "grass/grass_stone_a", "weight": 2, "y":  180 },
		{ "model": "grass/grass_stone_b", "weight": 2, "y":  180 },

		{ "model": "grass/grass", "weight": 150, "y":  270 },
		{ "model": "grass/grass_a", "weight": 100, "y":  270 },
		{ "model": "grass/grass_b", "weight": 150, "y":  270 },
		{ "model": "grass/grass_c", "weight": 150, "y":  270 },
		{ "model": "grass/grass_d", "weight": 5, "y":  270 },
		{ "model": "grass/grass_e", "weight": 5, "y":  270 },
		{ "model": "grass/grass_f", "weight": 5, "y":  270 },
		{ "model": "grass/grass_g", "weight": 5, "y":  270 },
		{ "model": "grass/grass_h", "weight": 5, "y":  270 },
		{ "model": "grass/grass_i", "weight": 5, "y":  270 },
		{ "model": "grass/grass_flowers_a", "weight": 4, "y":  270 },
		{ "model": "grass/grass_flowers_b", "weight": 4, "y":  270 },
		{ "model": "grass/grass_flowers_c", "weight": 4, "y":  270 },
		{ "model": "grass/grass_flowers_d", "weight": 4, "y":  270 },
		{ "model": "grass/grass_flowers_e", "weight": 4, "y":  270 },
		{ "model": "grass/grass_stone_a", "weight": 2, "y":  270 },
		{ "model": "grass/grass_stone_b", "weight": 2, "y":  270 }
		
		],
        "snowy=true":  { "model": "grass_snowed" }
    }
}
