{
    "variants": {
        "normal": [
		{ "model": "hardenedclay/lime", "weight":100 },
		{ "model": "hardenedclay/lime", "weight":100, "y":90 },
		{ "model": "hardenedclay/lime", "weight":100, "y":180 },
		{ "model": "hardenedclay/lime", "weight":100, "y":270 },
		
		{ "model": "hardenedclay/lime_a", "weight":200 },
		{ "model": "hardenedclay/lime_a", "weight":200, "x":90 },
		{ "model": "hardenedclay/lime_a", "weight":200, "x":180 },
		{ "model": "hardenedclay/lime_a", "weight":200, "x":270 }
		]
    }
}
