{
    "variants": {
        "snowy=false": [
		{ "model": "mycelium/mycelium_normal", "weight": 50 },
        { "model": "mycelium/mycelium", "weight": 150 },
		{ "model": "mycelium/mycelium_a", "weight": 100 },
		{ "model": "mycelium/mycelium_b", "weight": 150 },
		{ "model": "mycelium/mycelium_c", "weight": 150 },
		{ "model": "mycelium/mycelium_d", "weight": 3 },
		{ "model": "mycelium/mycelium_e", "weight": 3 },
		{ "model": "mycelium/mycelium_f", "weight": 3 },
		{ "model": "mycelium/mycelium_g", "weight": 10 },
		{ "model": "mycelium/mycelium_h", "weight": 10 },
		{ "model": "mycelium/mycelium_i", "weight": 10 },
		{ "model": "mycelium/mycelium_j", "weight": 50 },
		{ "model": "mycelium/mycelium_k", "weight": 50 },
		
		
        { "model": "mycelium/mycelium", "weight": 150, "y":  90 },
		{ "model": "mycelium/mycelium_a", "weight": 100, "y":  90 },
		{ "model": "mycelium/mycelium_b", "weight": 150, "y":  90 },
		{ "model": "mycelium/mycelium_c", "weight": 150, "y":  90 },
		{ "model": "mycelium/mycelium_d", "weight": 3, "y":  90 },
		{ "model": "mycelium/mycelium_e", "weight": 3, "y":  90 },
		{ "model": "mycelium/mycelium_f", "weight": 3, "y":  90 },
		{ "model": "mycelium/mycelium_g", "weight": 10, "y":  90 },
		{ "model": "mycelium/mycelium_h", "weight": 10, "y":  90 },
		{ "model": "mycelium/mycelium_i", "weight": 10, "y":  90 },
		{ "model": "mycelium/mycelium_i", "weight": 50, "y":  90 },
		{ "model": "mycelium/mycelium_i", "weight": 50, "y":  90 },
		
		{ "model": "mycelium/mycelium", "weight": 150, "y":  180 },
		{ "model": "mycelium/mycelium_a", "weight": 100, "y":  180 },
		{ "model": "mycelium/mycelium_b", "weight": 150, "y":  180 },
		{ "model": "mycelium/mycelium_c", "weight": 150, "y":  180 },
		{ "model": "mycelium/mycelium_d", "weight": 3, "y":  180 },
		{ "model": "mycelium/mycelium_e", "weight": 3, "y":  180 },
		{ "model": "mycelium/mycelium_f", "weight": 3, "y":  180 },
		{ "model": "mycelium/mycelium_g", "weight": 10, "y":  180 },
		{ "model": "mycelium/mycelium_h", "weight": 10, "y":  180 },
		{ "model": "mycelium/mycelium_i", "weight": 10, "y":  180 },
		{ "model": "mycelium/mycelium_i", "weight": 50, "y":  180 },
		{ "model": "mycelium/mycelium_i", "weight": 50, "y":  180 },

		{ "model": "mycelium/mycelium", "weight": 150, "y":  270 },
		{ "model": "mycelium/mycelium_a", "weight": 100, "y":  270 },
		{ "model": "mycelium/mycelium_b", "weight": 150, "y":  270 },
		{ "model": "mycelium/mycelium_c", "weight": 150, "y":  270 },
		{ "model": "mycelium/mycelium_d", "weight": 3, "y":  270 },
		{ "model": "mycelium/mycelium_e", "weight": 3, "y":  270 },
		{ "model": "mycelium/mycelium_f", "weight": 3, "y":  270 },
		{ "model": "mycelium/mycelium_g", "weight": 10, "y":  270 },
		{ "model": "mycelium/mycelium_h", "weight": 10, "y":  270 },
		{ "model": "mycelium/mycelium_i", "weight": 10, "y":  270 },
		{ "model": "mycelium/mycelium_i", "weight": 50, "y":  270 },
		{ "model": "mycelium/mycelium_i", "weight": 50, "y":  270 }
		
		],
        "snowy=true":  { "model": "mycelium/mycelium_snowed" }
    }
}
