{
    "variants": {
        "normal": [
		{ "model": "sandred/red_sand", "weight": 160 },
		{ "model": "sandred/red_sand_a", "weight": 5 },
		{ "model": "sandred/red_sand_b", "weight": 5 },
		{ "model": "sandred/red_sand_c", "weight": 1 },
		{ "model": "sandred/red_sand_d", "weight": 160 },
		{ "model": "sandred/red_sand_e", "weight": 30 },
		{ "model": "sandred/red_sand_f", "weight": 40 },
		{ "model": "sandred/red_sand_g", "weight": 40 },
		{ "model": "sandred/red_sand_h", "weight": 40 }
		]
    }
}
