{
    "variants": {
        "normal": [
		{ "model": "snow", "weight": 20 },
		{ "model": "snow", "weight": 24, "x":  90 },
		{ "model": "snow", "weight": 25, "y":  90 },
		{ "model": "snow", "weight": 26, "z":  90 },
		
		{ "model": "snow", "weight": 25, "x":  180 },
		{ "model": "snow", "weight": 24, "y":  180 },
		{ "model": "snow", "weight": 23, "z":  180 },
		
		{ "model": "snow", "weight": 24, "x":  270 },
		{ "model": "snow", "weight": 25, "y":  270 },
		{ "model": "snow", "weight": 26, "z":  270 },
		
		{ "model": "snow", "weight": 25, "x":  90, "y": 90 },
		{ "model": "snow", "weight": 24, "y":  90, "z": 90 },
		{ "model": "snow", "weight": 23, "z":  90, "x": 90 },
		
		{ "model": "snow", "weight": 24, "x":  90, "y": 180 },
		{ "model": "snow", "weight": 25, "y":  90, "z": 180 },
		{ "model": "snow", "weight": 26, "z":  90, "x": 180 },
		
		{ "model": "snow", "weight": 25, "x":  90, "y": 270 },
		{ "model": "snow", "weight": 24, "y":  90, "z": 270 },
		{ "model": "snow", "weight": 23, "z":  90, "x": 270 },
		
		{ "model": "snow", "weight": 24, "x":  180, "y": 90 },
		{ "model": "snow", "weight": 25, "y":  180, "z": 90 },
		{ "model": "snow", "weight": 26, "z":  180, "x": 90 },
		
		{ "model": "snow", "weight": 25, "x":  180, "y": 180 },
		{ "model": "snow", "weight": 24, "y":  180, "z": 180 },
		{ "model": "snow", "weight": 23, "z":  180, "x": 180 },
		
		{ "model": "snow", "weight": 24, "x":  180, "y": 270 },
		{ "model": "snow", "weight": 25, "y":  180, "z": 270 },
		{ "model": "snow", "weight": 26, "z":  180, "x": 270 },
		
		{ "model": "snow", "weight": 25, "x":  270, "y": 90 },
		{ "model": "snow", "weight": 24, "y":  270, "z": 90 },
		{ "model": "snow", "weight": 23, "z":  270, "x": 90 },
		
		{ "model": "snow", "weight": 24, "x":  270, "y": 180 },
		{ "model": "snow", "weight": 25, "y":  270, "z": 180 },
		{ "model": "snow", "weight": 26, "z":  270, "x": 180 },
		
		{ "model": "snow", "weight": 25, "x":  270, "y": 270 },
		{ "model": "snow", "weight": 24, "y":  270, "z": 270 },
		{ "model": "snow", "weight": 23, "z":  270, "x": 270 },
		
		{ "model": "snow", "weight": 24, "x":  90, "y": 90, "z": 90 },
		{ "model": "snow", "weight": 25, "y":  90, "z": 90, "x": 90 },
		{ "model": "snow", "weight": 26, "z":  90, "x": 90, "y": 90 }
		]
    }
}