{
    "variants": {
        "layers=1":  [
        { "model": "snow_height2" },
        { "model": "snow_height2", "y": 90 },
        { "model": "snow_height2", "y": 180 },
        { "model": "snow_height2", "y": 270 }
		],
        "layers=2":  [
        { "model": "snow_height4" },
        { "model": "snow_height4", "y": 90 },
        { "model": "snow_height4", "y": 180 },
        { "model": "snow_height4", "y": 270 }
		],
        "layers=3":  [
        { "model": "snow_height6" },
        { "model": "snow_height6", "y": 90 },
        { "model": "snow_height6", "y": 180 },
        { "model": "snow_height6", "y": 270 }
		],
        "layers=4":  [
        { "model": "snow_height8" },
        { "model": "snow_height8", "y": 90 },
        { "model": "snow_height8", "y": 180 },
        { "model": "snow_height8", "y": 270 }
		],
        "layers=5":  [
        { "model": "snow_height10" },
        { "model": "snow_height10", "y": 90 },
        { "model": "snow_height10", "y": 180 },
        { "model": "snow_height10", "y": 270 }
		],
        "layers=6":  [
        { "model": "snow_height12" },
        { "model": "snow_height12", "y": 90 },
        { "model": "snow_height12", "y": 180 },
        { "model": "snow_height12", "y": 270 }
		],
        "layers=7":  [
        { "model": "snow_height14" },
        { "model": "snow_height14", "y": 90 },
        { "model": "snow_height14", "y": 180 },
        { "model": "snow_height14", "y": 270 }
		],
        "layers=8": [
		{ "model": "snow", "weight": 20 },
		{ "model": "snow", "weight": 24, "x":  90 },
		{ "model": "snow", "weight": 25, "y":  90 },
		{ "model": "snow", "weight": 26, "z":  90 },
		
		{ "model": "snow", "weight": 25, "x":  180 },
		{ "model": "snow", "weight": 24, "y":  180 },
		{ "model": "snow", "weight": 23, "z":  180 },
		
		{ "model": "snow", "weight": 24, "x":  270 },
		{ "model": "snow", "weight": 25, "y":  270 },
		{ "model": "snow", "weight": 26, "z":  270 },
		
		{ "model": "snow", "weight": 25, "x":  90, "y": 90 },
		{ "model": "snow", "weight": 24, "y":  90, "z": 90 },
		{ "model": "snow", "weight": 23, "z":  90, "x": 90 },
		
		{ "model": "snow", "weight": 24, "x":  90, "y": 180 },
		{ "model": "snow", "weight": 25, "y":  90, "z": 180 },
		{ "model": "snow", "weight": 26, "z":  90, "x": 180 },
		
		{ "model": "snow", "weight": 25, "x":  90, "y": 270 },
		{ "model": "snow", "weight": 24, "y":  90, "z": 270 },
		{ "model": "snow", "weight": 23, "z":  90, "x": 270 },
		
		{ "model": "snow", "weight": 24, "x":  180, "y": 90 },
		{ "model": "snow", "weight": 25, "y":  180, "z": 90 },
		{ "model": "snow", "weight": 26, "z":  180, "x": 90 },
		
		{ "model": "snow", "weight": 25, "x":  180, "y": 180 },
		{ "model": "snow", "weight": 24, "y":  180, "z": 180 },
		{ "model": "snow", "weight": 23, "z":  180, "x": 180 },
		
		{ "model": "snow", "weight": 24, "x":  180, "y": 270 },
		{ "model": "snow", "weight": 25, "y":  180, "z": 270 },
		{ "model": "snow", "weight": 26, "z":  180, "x": 270 },
		
		{ "model": "snow", "weight": 25, "x":  270, "y": 90 },
		{ "model": "snow", "weight": 24, "y":  270, "z": 90 },
		{ "model": "snow", "weight": 23, "z":  270, "x": 90 },
		
		{ "model": "snow", "weight": 24, "x":  270, "y": 180 },
		{ "model": "snow", "weight": 25, "y":  270, "z": 180 },
		{ "model": "snow", "weight": 26, "z":  270, "x": 180 },
		
		{ "model": "snow", "weight": 25, "x":  270, "y": 270 },
		{ "model": "snow", "weight": 24, "y":  270, "z": 270 },
		{ "model": "snow", "weight": 23, "z":  270, "x": 270 },
		
		{ "model": "snow", "weight": 24, "x":  90, "y": 90, "z": 90 },
		{ "model": "snow", "weight": 25, "y":  90, "z": 90, "x": 90 },
		{ "model": "snow", "weight": 26, "z":  90, "x": 90, "y": 90 }
		]
    }
}
