{
    "__createdwith": "opl's Model Creator",
    "ambientocclusion": true,
    "textures": {
        "anvil": "randomblocks/anvil"
    },
    "elements": [
        {
            "from": [3,10,0],
            "to": [13,16,16],
            "faces": {
                "up": {
                    "uv": [0,0,5,8],
                    "texture": "#anvil"
                },
                "down": {
                    "uv": [0,8,5,16],
                    "texture": "#anvil"
                },
                "west": {
                    "uv": [5,0,13,3],
                    "texture": "#anvil"
                },
                "east": {
                    "uv": [5,0,13,3],
                    "texture": "#anvil"
                },
                "north": {
                    "uv": [5,3,10,6],
                    "texture": "#anvil"
                },
                "south": {
                    "uv": [5,3,10,6],
                    "texture": "#anvil"
                }
            }
        },
        {
            "from": [6,5,4],
            "to": [10,10,12],
            "faces": {
                "west": {
                    "uv": [10,3,14,5.5],
                    "texture": "#anvil"
                },
                "east": {
                    "uv": [10,3,14,5.5],
                    "texture": "#anvil"
                },
                "north": {
                    "uv": [14,3,16,5.5],
                    "texture": "#anvil"
                },
                "south": {
                    "uv": [14,3,16,5.5],
                    "texture": "#anvil"
                }
            }
        },
        {
            "from": [2,0,2],
            "to": [14,4,14],
            "faces": {
                "up": {
                    "uv": [10,7.5,16,13.5],
                    "texture": "#anvil"
                },
                "down": {
                    "uv": [10,7.5,16,13.5],
                    "texture": "#anvil"
                },
                "west": {
                    "uv": [10,5.5,16,7.5],
                    "texture": "#anvil"
                },
                "east": {
                    "uv": [10,5.5,16,7.5],
                    "texture": "#anvil"
                },
                "north": {
                    "uv": [10,5.5,16,7.5],
                    "texture": "#anvil"
                },
                "south": {
                    "uv": [10,5.5,16,7.5],
                    "texture": "#anvil"
                }
            }
        },
        {
            "from": [4,4,3],
            "to": [12,5,13],
            "faces": {
                "up": {
                    "uv": [5,11,9,16],
                    "texture": "#anvil"
                },
                "west": {
                    "uv": [5,10,10,10.5],
                    "texture": "#anvil"
                },
                "east": {
                    "uv": [5,10,10,10.5],
                    "texture": "#anvil"
                },
                "north": {
                    "uv": [5,10.5,9,11],
                    "texture": "#anvil"
                },
                "south": {
                    "uv": [5,10.5,9,11],
                    "texture": "#anvil"
                }
            }
        }
    ]
}