{
    "__createdwith": "opl's Model Creator",
    "ambientocclusion": true,
    "textures": {
        "bed": "randomblocks/bed",
        "particle": "blocks/wool_colored_red"
    },
    "elements": [
        {
            "from": [0,3,3],
            "to": [16,9,16],
            "faces": {
                "up": {
                    "uv": [0.25,0,4.25,3.25],
                    "texture": "#bed"
                },
                "down": {
                    "uv": [12,12.5,16,16],
                    "texture": "#bed"
                },
                "west": {
                    "uv": [9.5,2.25,12.75,3.75],
                    "texture": "#bed"
                },
                "east": {
                    "uv": [12.75,4.25,16,5.75],
                    "texture": "#bed"
                }
            }
        },
        {
            "from": [0,0,0],
            "to": [3,11,3],
            "faces": {
                "up": {
                    "uv": [0,11.75,0.75,12.5],
                    "texture": "#bed"
                },
                "down": {
                    "uv": [0.75,11.75,1.5,12.5],
                    "texture": "#bed"
                },
                "west": {
                    "uv": [0.75,12.5,1.5,15.25],
                    "texture": "#bed"
                },
                "east": {
                    "uv": [0.75,12.5,1.5,15.25],
                    "texture": "#bed"
                },
                "north": {
                    "uv": [0.75,12.5,1.5,15.25],
                    "texture": "#bed"
                },
                "south": {
                    "uv": [0.75,12.5,1.5,15.25],
                    "texture": "#bed"
                }
            }
        },
        {
            "from": [16,2,3],
            "to": [16,3,16],
            "faces": {
                "down": {
                    "texture": "missingtexture"
                },
                "west": {
                    "uv": [9.5,3.75,13,4],
                    "texture": "#bed"
                },
                "east": {
                    "uv": [12.75,5.75,16,6],
                    "texture": "#bed"
                }
            }
        },
        {
            "from": [0,2,3],
            "to": [0,3,16],
            "faces": {
                "down": {
                    "texture": "missingtexture"
                },
                "west": {
                    "uv": [9.5,3.75,12.75,4],
                    "texture": "#bed"
                },
                "east": {
                    "uv": [12.5,5.75,16,6],
                    "texture": "#bed"
                }
            }
        },
        {
            "from": [13,0,0],
            "to": [16,11,3],
            "faces": {
                "up": {
                    "uv": [0,11.75,0.75,12.5],
                    "texture": "#bed"
                },
                "down": {
                    "uv": [0.75,11.75,1.5,12.5],
                    "texture": "#bed"
                },
                "west": {
                    "uv": [0.75,12.5,1.5,15.25],
                    "texture": "#bed"
                },
                "east": {
                    "uv": [0.75,12.5,1.5,15.25],
                    "texture": "#bed"
                },
                "north": {
                    "uv": [0.75,12.5,1.5,15.25],
                    "texture": "#bed"
                },
                "south": {
                    "uv": [0.75,12.5,1.5,15.25],
                    "texture": "#bed"
                }
            }
        },
        {
            "from": [3,1,1],
            "to": [13,10,3],
            "faces": {
                "up": {
                    "uv": [9.5,12.5,12,13],
                    "texture": "#bed"
                },
                "down": {
                    "uv": [7,13,9.5,13.5],
                    "texture": "#bed"
                },
                "west": {
                    "texture": "missingtexture"
                },
                "east": {
                    "texture": "missingtexture"
                },
                "north": {
                    "uv": [7,13.5,9.5,15.75],
                    "texture": "#bed"
                },
                "south": {
                    "uv": [7,13.5,9.5,15.75],
                    "texture": "#bed"
                }
            }
        }
    ]
}