{
    "__createdwith": "opl's Model Creator",
    "ambientocclusion": false,
    "textures": {
        "bonsai": "randomblocks/bonsai",
        "particle": "blocks/log_birch",
        "dirt": "blocks/dirt"
    },
    "elements": [
        {
            "from": [0,0,0],
            "to": [2,3,16],
            "faces": {
                "up": {
                    "uv": [0,0,1,1],
                    "texture": "#bonsai"
                },
                "down": {
                    "uv": [0,2,1,3],
                    "texture": "#bonsai"
                },
                "west": {
                    "uv": [0,0,16,3],
                    "texture": "#bonsai"
                },
                "east": {
                    "uv": [1,1,2,2],
                    "texture": "#bonsai"
                },
                "north": {
                    "uv": [14,0,16,3],
                    "texture": "#bonsai"
                },
                "south": {
                    "uv": [0,0,2,3],
                    "texture": "#bonsai"
                }
            }
        },
        {
            "from": [2,0,0],
            "to": [14,3,2],
            "faces": {
                "up": {
                    "uv": [0,0,1,1],
                    "texture": "#bonsai"
                },
                "down": {
                    "uv": [0,2,1,3],
                    "texture": "#bonsai"
                },
                "north": {
                    "uv": [2,0,14,3],
                    "texture": "#bonsai"
                },
                "south": {
                    "uv": [1,1,2,2],
                    "texture": "#bonsai"
                }
            }
        },
        {
            "from": [2,0,14],
            "to": [14,3,16],
            "faces": {
                "up": {
                    "uv": [0,0,1,1],
                    "texture": "#bonsai"
                },
                "down": {
                    "uv": [0,2,1,3],
                    "texture": "#bonsai"
                },
                "north": {
                    "uv": [1,1,2,2],
                    "texture": "#bonsai"
                },
                "south": {
                    "uv": [2,0,14,3],
                    "texture": "#bonsai"
                }
            }
        },
        {
            "from": [14,0,0],
            "to": [16,3,16],
            "faces": {
                "up": {
                    "uv": [0,0,1,1],
                    "texture": "#bonsai"
                },
                "down": {
                    "uv": [15,2,16,3],
                    "texture": "#bonsai"
                },
                "west": {
                    "uv": [1,1,2,2],
                    "texture": "#bonsai"
                },
                "east": {
                    "uv": [0,0,16,3],
                    "texture": "#bonsai"
                },
                "north": {
                    "uv": [0,0,2,3],
                    "texture": "#bonsai"
                },
                "south": {
                    "uv": [14,0,16,3],
                    "texture": "#bonsai"
                }
            }
        },
        {
            "from": [2,0,2],
            "to": [14,2,14],
            "faces": {
                "up": {
                    "uv": [2,2,14,14],
                    "texture": "#dirt"
                },
                "down": {
                    "uv": [0,2,1,3],
                    "texture": "#bonsai"
                }
            }
        },
        {
            "from": [5,2,8],
            "to": [8,5,12],
            "faces": {
                "up": {
                    "uv": [3,7,6,11],
                    "texture": "#particle"
                },
                "west": {
                    "uv": [12,12,16,15],
                    "texture": "#particle"
                },
                "east": {
                    "uv": [12,12,16,15],
                    "texture": "#particle"
                },
                "north": {
                    "uv": [13,12,16,15],
                    "texture": "#particle"
                },
                "south": {
                    "uv": [12,12,15,15],
                    "texture": "#particle"
                }
            }
        },
        {
            "from": [8,2,10],
            "to": [10,4,11],
            "faces": {
                "up": {
                    "uv": [7,11,9,12],
                    "texture": "#particle"
                },
                "east": {
                    "uv": [10,12,11,13],
                    "texture": "#particle"
                },
                "north": {
                    "uv": [8,14,10,16],
                    "texture": "#particle"
                },
                "south": {
                    "uv": [6,12,8,14],
                    "texture": "#particle"
                }
            }
        },
        {
            "from": [8,2,9],
            "to": [9,3,10],
            "faces": {
                "up": {
                    "texture": "#particle"
                },
                "east": {
                    "texture": "#particle"
                },
                "north": {
                    "uv": [9,13,10,14],
                    "texture": "#particle"
                }
            }
        },
        {
            "from": [6,2,6],
            "to": [7,3,8],
            "faces": {
                "up": {
                    "uv": [5,8,6,10],
                    "texture": "#particle"
                },
                "west": {
                    "uv": [8,13,10,14],
                    "texture": "#particle"
                },
                "east": {
                    "uv": [6,13,8,14],
                    "texture": "#particle"
                },
                "north": {
                    "uv": [7,13,8,14],
                    "texture": "#particle"
                }
            }
        },
        {
            "from": [5,2,12],
            "to": [6,3,13],
            "faces": {
                "up": {
                    "uv": [11,15,12,16],
                    "texture": "#particle"
                },
                "west": {
                    "uv": [13,13,14,14],
                    "texture": "#particle"
                },
                "east": {
                    "uv": [13,13,14,14],
                    "texture": "#particle"
                },
                "south": {
                    "uv": [13,13,14,14],
                    "texture": "#particle"
                }
            }
        },
        {
            "from": [4,2,9],
            "to": [5,3,10],
            "faces": {
                "up": {
                    "uv": [5,9,6,10],
                    "texture": "#particle"
                },
                "west": {
                    "uv": [10,14,11,15],
                    "texture": "#particle"
                },
                "north": {
                    "uv": [5,13,6,14],
                    "texture": "#particle"
                },
                "south": {
                    "uv": [5,13,6,14],
                    "texture": "#particle"
                }
            }
        },
        {
            "from": [4,5,7],
            "to": [7,8,10],
            "faces": {
                "up": {
                    "uv": [10,13,13,16],
                    "texture": "#particle"
                },
                "down": {
                    "uv": [13,11,16,14],
                    "texture": "#particle"
                },
                "west": {
                    "uv": [3,8,6,11],
                    "texture": "#particle"
                },
                "east": {
                    "texture": "#particle"
                },
                "north": {
                    "uv": [9,8,12,11],
                    "texture": "#particle"
                },
                "south": {
                    "uv": [4,8,7,11],
                    "texture": "#particle"
                }
            }
        },
        {
            "from": [6,5,9],
            "to": [8,6,11],
            "faces": {
                "up": {
                    "uv": [6,8,8,10],
                    "texture": "#particle"
                },
                "west": {
                    "texture": "#particle"
                },
                "east": {
                    "uv": [4,10,6,11],
                    "texture": "#particle"
                },
                "north": {
                    "uv": [8,10,10,11],
                    "texture": "#particle"
                },
                "south": {
                    "uv": [3,10,5,11],
                    "texture": "#particle"
                }
            }
        },
        {
            "from": [6,7,6],
            "to": [8,10,8],
            "faces": {
                "up": {
                    "uv": [7,4,9,6],
                    "texture": "#particle"
                },
                "down": {
                    "uv": [0,8,2,10],
                    "texture": "#particle"
                },
                "west": {
                    "uv": [4,8,6,11],
                    "texture": "#particle"
                },
                "east": {
                    "uv": [5,8,7,11],
                    "texture": "#particle"
                },
                "north": {
                    "uv": [4,8,6,11],
                    "texture": "#particle"
                },
                "south": {
                    "uv": [8,3,10,6],
                    "texture": "#particle"
                }
            }
        },
        {
            "from": [8,9,1],
            "to": [14,12,6],
            "faces": {
                "up": {
                    "uv": [0,6,6,11],
                    "texture": "#bonsai"
                },
                "down": {
                    "uv": [1,5,2,6],
                    "texture": "#bonsai"
                },
                "west": {
                    "uv": [5,3,10,6],
                    "texture": "#bonsai"
                },
                "east": {
                    "uv": [5,3,10,6],
                    "texture": "#bonsai"
                },
                "north": {
                    "uv": [0,3,6,6],
                    "texture": "#bonsai"
                },
                "south": {
                    "uv": [0,3,6,6],
                    "texture": "#bonsai"
                }
            }
        },
        {
            "from": [5,12,7],
            "to": [11,14,12],
            "faces": {
                "up": {
                    "uv": [0,6,6,11],
                    "texture": "#bonsai"
                },
                "down": {
                    "uv": [1,5,2,6],
                    "texture": "#bonsai"
                },
                "west": {
                    "uv": [5,4,10,6],
                    "texture": "#bonsai"
                },
                "east": {
                    "uv": [5,4,10,6],
                    "texture": "#bonsai"
                },
                "north": {
                    "uv": [0,4,6,6],
                    "texture": "#bonsai"
                },
                "south": {
                    "uv": [0,4,6,6],
                    "texture": "#bonsai"
                }
            }
        },
        {
            "from": [0,9,4],
            "to": [6,11,9],
            "faces": {
                "up": {
                    "uv": [0,6,6,11],
                    "texture": "#bonsai"
                },
                "down": {
                    "uv": [1,5,2,6],
                    "texture": "#bonsai"
                },
                "west": {
                    "uv": [5,4,10,6],
                    "texture": "#bonsai"
                },
                "east": {
                    "uv": [5,4,10,6],
                    "texture": "#bonsai"
                },
                "north": {
                    "uv": [0,4,6,6],
                    "texture": "#bonsai"
                },
                "south": {
                    "uv": [0,4,6,6],
                    "texture": "#bonsai"
                }
            }
        },
        {
            "from": [3,8,10],
            "to": [8,9,15],
            "faces": {
                "up": {
                    "uv": [5,6,10,11],
                    "texture": "#bonsai"
                },
                "down": {
                    "uv": [1,5,2,6],
                    "texture": "#bonsai"
                },
                "west": {
                    "uv": [5,3,10,4],
                    "texture": "#bonsai"
                },
                "east": {
                    "uv": [5,3,10,4],
                    "texture": "#bonsai"
                },
                "north": {
                    "uv": [5,3,10,4],
                    "texture": "#bonsai"
                },
                "south": {
                    "uv": [5,3,10,4],
                    "texture": "#bonsai"
                }
            }
        },
        {
            "from": [7,9,8],
            "to": [8,12,9],
            "faces": {
                "down": {
                    "uv": [8,8,9,9],
                    "texture": "#particle"
                },
                "west": {
                    "uv": [4,5,5,8],
                    "texture": "#particle"
                },
                "east": {
                    "uv": [4,5,5,8],
                    "texture": "#particle"
                },
                "north": {
                    "uv": [4,5,5,8],
                    "texture": "#particle"
                },
                "south": {
                    "uv": [4,5,5,8],
                    "texture": "#particle"
                }
            }
        },
        {
            "from": [5,7,10],
            "to": [6,8,12],
            "faces": {
                "down": {
                    "uv": [0,10,1,12],
                    "texture": "#particle"
                },
                "west": {
                    "uv": [10,6,12,7],
                    "texture": "#particle"
                },
                "east": {
                    "uv": [2,8,4,9],
                    "texture": "#particle"
                },
                "south": {
                    "uv": [6,8,7,9],
                    "texture": "#particle"
                }
            }
        },
        {
            "from": [3,7,7],
            "to": [4,9,8],
            "faces": {
                "down": {
                    "uv": [4,7,5,8],
                    "texture": "#particle"
                },
                "west": {
                    "uv": [5,5,6,7],
                    "texture": "#particle"
                },
                "east": {
                    "uv": [4,5,5,7],
                    "texture": "#particle"
                },
                "north": {
                    "uv": [4,7,5,9],
                    "texture": "#particle"
                },
                "south": {
                    "uv": [4,5,5,7],
                    "texture": "#particle"
                }
            }
        },
        {
            "from": [8,8,5],
            "to": [9,9,7],
            "faces": {
                "up": {
                    "uv": [9,3,10,4],
                    "texture": "#particle"
                },
                "down": {
                    "uv": [9,3,10,5],
                    "texture": "#particle"
                },
                "west": {
                    "uv": [5,6,7,7],
                    "texture": "#particle"
                },
                "east": {
                    "texture": "#particle"
                },
                "north": {
                    "uv": [6,5,7,6],
                    "texture": "#particle"
                },
                "south": {
                    "uv": [4,7,5,8],
                    "texture": "#particle"
                }
            }
        },
        {
            "from": [10,2,10],
            "to": [11,3,11],
            "faces": {
                "up": {
                    "uv": [10,11,11,12],
                    "texture": "#particle"
                },
                "east": {
                    "uv": [10,14,11,15],
                    "texture": "#particle"
                },
                "north": {
                    "uv": [9,13,10,14],
                    "texture": "#particle"
                },
                "south": {
                    "uv": [10,14,11,15],
                    "texture": "#particle"
                }
            }
        },
        {
            "from": [6,3,7],
            "to": [7,4,8],
            "faces": {
                "up": {
                    "uv": [5,9,6,10],
                    "texture": "#particle"
                },
                "west": {
                    "texture": "#particle"
                },
                "east": {
                    "texture": "#particle"
                },
                "north": {
                    "uv": [7,12,8,13],
                    "texture": "#particle"
                }
            }
        }
    ]
}