{
    "__comment": "Model generated using MrCrayfish's Model Creator (http://mrcrayfish.com/modelcreator/)",
	"ambientocclusion": false,
    "textures": {
        "particle": "blocks/brewing_stand",
        "0": "blocks/brewing_stand",
        "1": "blocks/brewing_stand_base"
    },
    "elements": [
        {
            "name": "Element",
            "from": [ 7.0, 0.0, 7.0 ], 
            "to": [ 9.0, 14.0, 9.0 ], 
            "faces": {
                "north": { "texture": "#0", "uv": [ 7.0, 2.0, 9.0, 16.0 ] },
                "east": { "texture": "#0", "uv": [ 7.0, 2.0, 9.0, 16.0 ] },
                "south": { "texture": "#0", "uv": [ 7.0, 2.0, 9.0, 16.0 ] },
                "west": { "texture": "#0", "uv": [ 7.0, 2.0, 9.0, 16.0 ] },
                "up": { "texture": "#0", "uv": [ 7.0, 7.0, 9.0, 9.0 ] },
                "down": { "texture": "#0", "uv": [ 7.0, 7.0, 9.0, 9.0 ] }
            }
        },
        {
            "name": "Element",
            "from": [ 9.0, 0.0, 5.0 ], 
            "to": [ 15.0, 2.0, 11.0 ], 
            "faces": {
                "north": { "texture": "#1", "uv": [ 9.0, 14.0, 15.0, 16.0 ] },
                "east": { "texture": "#1", "uv": [ 5.0, 14.0, 11.0, 16.0 ] },
                "south": { "texture": "#1", "uv": [ 9.0, 14.0, 15.0, 16.0 ] },
                "west": { "texture": "#1", "uv": [ 5.0, 14.0, 11.0, 16.0 ] },
                "up": { "texture": "#1", "uv": [ 9.0, 5.0, 15.0, 11.0 ] },
                "down": { "texture": "#1", "uv": [ 9.0, 5.0, 15.0, 11.0 ] }
            }
        },
        {
            "name": "Element",
            "from": [ 2.0, 0.0, 1.0 ], 
            "to": [ 8.0, 2.0, 7.0 ], 
            "faces": {
                "north": { "texture": "#1", "uv": [ 2.0, 14.0, 8.0, 16.0 ] },
                "east": { "texture": "#1", "uv": [ 1.0, 14.0, 7.0, 16.0 ] },
                "south": { "texture": "#1", "uv": [ 2.0, 14.0, 8.0, 16.0 ] },
                "west": { "texture": "#1", "uv": [ 1.0, 14.0, 7.0, 16.0 ] },
                "up": { "texture": "#1", "uv": [ 2.0, 1.0, 8.0, 7.0 ] },
                "down": { "texture": "#1", "uv": [ 2.0, 1.0, 8.0, 7.0 ] }
            }
        },
        {
            "name": "Element",
            "from": [ 2.0, 0.0, 9.0 ], 
            "to": [ 8.0, 2.0, 15.0 ], 
            "faces": {
                "north": { "texture": "#1", "uv": [ 2.0, 14.0, 8.0, 16.0 ] },
                "east": { "texture": "#1", "uv": [ 9.0, 14.0, 15.0, 16.0 ] },
                "south": { "texture": "#1", "uv": [ 2.0, 14.0, 8.0, 16.0 ] },
                "west": { "texture": "#1", "uv": [ 9.0, 14.0, 15.0, 16.0 ] },
                "up": { "texture": "#1", "uv": [ 2.0, 9.0, 8.0, 15.0 ] },
                "down": { "texture": "#1", "uv": [ 2.0, 9.0, 8.0, 15.0 ] }
            }
        },
        {
            "name": "Cube",
            "from": [ 8.0, 0.0, 8.0 ], 
            "to": [ 16.0, 16.0, 8.0 ], 
            "shade": true,
            "faces": {
                "north": { "texture": "#0", "uv": [ 0.0, 0.0, 8.0, 16.0 ], "cullface": "north" },
                "east": { "texture": "#-1", "uv": [ 0.0, 0.0, 0.0, 15.0 ] },
                "south": { "texture": "#0", "uv": [ 0.0, 0.0, 1.0, 1.0 ], "cullface": "south" },
                "west": { "texture": "#-1", "uv": [ 0.0, 0.0, -9.0, 16.0 ] },
                "up": { "texture": "#-1", "uv": [ 0.0, 0.0, 1.0, 0.0 ] },
                "down": { "texture": "#-1", "uv": [ 0.0, 0.0, 8.0, 0.0 ] }
            }
        },
        {
            "name": "Cube",
            "from": [ 0.0, 0.0, 8.0 ], 
            "to": [ 8.0, 16.0, 8.0 ], 
            "shade": true,
            "rotation": { "origin": [ 8.0, 8.0, 8.0 ], "axis": "y", "angle": 45.0 },
            "faces": {
                "north": { "texture": "#0", "uv": [ 8.0, 0.0, 16.0, 16.0 ], "cullface": "north" },
                "east": { "texture": "#-1", "uv": [ 0.0, 0.0, 0.0, 16.0 ] },
                "south": { "texture": "#0", "uv": [ 0.0, 0.0, 1.0, 1.0 ], "cullface": "south" },
                "west": { "texture": "#-1", "uv": [ 0.0, 0.0, 0.0, 16.0 ] },
                "up": { "texture": "#-1", "uv": [ 0.0, 0.0, 8.0, 0.0 ] },
                "down": { "texture": "#-1", "uv": [ 0.0, 0.0, 8.0, 0.0 ] }
            }
        },
        {
            "name": "Cube",
            "from": [ 0.0, 0.0, 8.0 ], 
            "to": [ 8.0, 16.0, 8.0 ], 
            "shade": true,
            "rotation": { "origin": [ 8.0, 8.0, 8.0 ], "axis": "y", "angle": -45.0 },
            "faces": {
                "north": { "texture": "#0", "uv": [ 8.0, 0.0, 16.0, 16.0 ] },
                "east": { "texture": "#-1", "uv": [ 0.0, 0.0, 0.0, 16.0 ] },
                "south": { "texture": "#0", "uv": [ 0.0, 0.0, 1.0, 1.0 ], "cullface": "south" },
                "west": { "texture": "#-1", "uv": [ 0.0, 0.0, 0.0, 16.0 ] },
                "up": { "texture": "#-1", "uv": [ 0.0, 0.0, 8.0, 0.0 ] },
                "down": { "texture": "#-1", "uv": [ 0.0, 0.0, 8.0, 0.0 ] }
            }
        }
    ]
}