{
    "__createdwith": "opl's Model Creator",
    "ambientocclusion": true,
    "textures": {
        "side": "randomblocks/enchanting_table_side",
        "particle": "randomblocks/enchanting_table_top",
        "bottom": "randomblocks/enchanting_table_bottom",
        "other": "randomblocks/enchanting_table_other"
    },
    "elements": [
        {
            "from": [1,0,1],
            "to": [15,2,15],
            "faces": {
                "up": {
                    "texture": "#bottom"
                },
                "down": {
                    "texture": "#bottom"
                },
                "west": {
                    "uv": [1,0,15,2],
                    "texture": "#side"
                },
                "east": {
                    "uv": [1,0,15,2],
                    "texture": "#side"
                },
                "north": {
                    "uv": [1,0,15,2],
                    "texture": "#side"
                },
                "south": {
                    "uv": [1,0,15,2],
                    "texture": "#side"
                }
            }
        },
        {
            "from": [3,2,3],
            "to": [13,7,13],
            "faces": {
                "west": {
                    "uv": [0,0,10,5],
                    "texture": "#other"
                },
                "east": {
                    "uv": [0,0,10,5],
                    "texture": "#other"
                },
                "north": {
                    "uv": [0,0,10,5],
                    "texture": "#other"
                },
                "south": {
                    "uv": [0,0,10,5],
                    "texture": "#other"
                }
            }
        },
        {
            "from": [1,7,1],
            "to": [15,8,15],
            "faces": {
                "down": {
                    "texture": "#bottom"
                },
                "west": {
                    "uv": [1,15,15,16],
                    "texture": "#bottom"
                },
                "east": {
                    "uv": [1,15,15,16],
                    "texture": "#bottom"
                },
                "north": {
                    "uv": [1,15,15,16],
                    "texture": "#bottom"
                },
                "south": {
                    "uv": [1,15,15,16],
                    "texture": "#bottom"
                }
            }
        },
        {
            "from": [2,11,2],
            "to": [14,12,14],
            "faces": {
                "up": {
                    "texture": "#particle"
                },
                "west": {
                    "uv": [2,13,14,14],
                    "texture": "#particle"
                },
                "east": {
                    "uv": [2,13,14,14],
                    "texture": "#particle"
                },
                "north": {
                    "uv": [2,13,14,14],
                    "texture": "#particle"
                },
                "south": {
                    "uv": [2,13,14,14],
                    "texture": "#particle"
                }
            }
        },
        {
            "from": [0,8,0],
            "to": [16,11,16],
            "faces": {
                "up": {
                    "texture": "#particle"
                },
                "down": {
                    "texture": "#bottom"
                },
                "west": {
                    "uv": [0,4,16,7],
                    "texture": "#side"
                },
                "east": {
                    "uv": [0,4,16,7],
                    "texture": "#side"
                },
                "north": {
                    "uv": [0,4,16,7],
                    "texture": "#side"
                },
                "south": {
                    "uv": [0,4,16,7],
                    "texture": "#side"
                }
            }
        },
        {
            "from": [0,5,5],
            "to": [0,8,11],
            "faces": {
                "west": {
                    "uv": [5,7,11,10],
                    "texture": "#side"
                },
                "east": {
                    "uv": [5,7,11,10],
                    "texture": "#side"
                }
            }
        },
        {
            "from": [16,5,5],
            "to": [16,8,11],
            "faces": {
                "west": {
                    "uv": [5,7,11,10],
                    "texture": "#side"
                },
                "east": {
                    "uv": [5,7,11,10],
                    "texture": "#side"
                }
            }
        },
        {
            "from": [16,4,6],
            "to": [16,5,10],
            "faces": {
                "west": {
                    "uv": [6,10,10,11],
                    "texture": "#side"
                },
                "east": {
                    "uv": [6,10,10,11],
                    "texture": "#side"
                }
            }
        },
        {
            "from": [0,4,6],
            "to": [0,5,10],
            "faces": {
                "west": {
                    "uv": [6,10,10,11],
                    "texture": "#side"
                },
                "east": {
                    "uv": [6,10,10,11],
                    "texture": "#side"
                }
            }
        },
        {
            "from": [5,5,16],
            "to": [11,8,16],
            "faces": {
                "north": {
                    "uv": [5,7,11,10],
                    "texture": "#side"
                },
                "south": {
                    "uv": [5,7,11,10],
                    "texture": "#side"
                }
            }
        },
        {
            "from": [5,5,0],
            "to": [11,8,0],
            "faces": {
                "north": {
                    "uv": [5,7,11,10],
                    "texture": "#side"
                },
                "south": {
                    "uv": [5,7,11,10],
                    "texture": "#side"
                }
            }
        },
        {
            "from": [6,4,0],
            "to": [10,5,0],
            "faces": {
                "north": {
                    "uv": [6,10,10,11],
                    "texture": "#side"
                },
                "south": {
                    "uv": [6,10,10,11],
                    "texture": "#side"
                }
            }
        },
        {
            "from": [6,4,16],
            "to": [10,5,16],
            "faces": {
                "north": {
                    "uv": [6,10,10,11],
                    "texture": "#side"
                },
                "south": {
                    "uv": [6,10,10,11],
                    "texture": "#side"
                }
            }
        }
    ]
}