{
    "__createdwith": "opl's Model Creator",
    "ambientocclusion": true,
    "textures": {
        "particle": "blocks/hay_block_side",
        "top": "blocks/hay_block_top",
        "strips": "randomblocks/hay_strips"
    },
    "elements": [
        {
            "from": [0,0,0],
            "to": [16,16,16],
            "faces": {
                "up": {
                    "texture": "#top"
                },
                "down": {
                    "texture": "#top"
                },
                "west": {
                    "texture": "#particle"
                },
                "east": {
                    "texture": "#particle"
                },
                "north": {
                    "texture": "#particle"
                },
                "south": {
                    "texture": "#particle"
                }
            }
        },
        {
            "from": [-0.5,11,-0.5],
            "to": [16.5,13,16.5],
            "faces": {
                "up": {
                    "uv": [3.5555556,3.5555556,4.4444447,4.4444447],
                    "texture": "#strips"
                },
                "down": {
                    "uv": [0,4.4444447,0.8888889,5.3333335],
                    "texture": "#strips"
                },
                "west": {
                    "uv": [0,3.5555556,16,5.3333335],
                    "texture": "#strips"
                },
                "east": {
                    "uv": [0,3.5555556,16,5.3333335],
                    "texture": "#strips"
                },
                "north": {
                    "uv": [0,3.5555556,16,5.3333335],
                    "texture": "#strips"
                },
                "south": {
                    "uv": [0,3.5555556,16,5.3333335],
                    "texture": "#strips"
                }
            }
        },
        {
            "from": [-0.5,3,-0.5],
            "to": [16.5,5,16.5],
            "faces": {
                "up": {
                    "uv": [2.6666667,3.5555556,3.5555556,4.4444447],
                    "texture": "#strips"
                },
                "down": {
                    "uv": [0,4.4444447,0.8888889,5.3333335],
                    "texture": "#strips"
                },
                "west": {
                    "uv": [0,10.666667,16,12.444445],
                    "texture": "#strips"
                },
                "east": {
                    "uv": [0,10.666667,16,12.444445],
                    "texture": "#strips"
                },
                "north": {
                    "uv": [0,10.666667,16,12.444445],
                    "texture": "#strips"
                },
                "south": {
                    "uv": [0,10.666667,16,12.444445],
                    "texture": "#strips"
                }
            }
        }
    ]
}