{
    "__createdwith": "opl's Model Creator",
    "ambientocclusion": false,
    "textures": {
        "particle": "blocks/iron_trapdoor"
    },
    "elements": [
        {
            "from": [0,0,0],
            "to": [3,3,16],
            "faces": {
                "up": {
                    "texture": "#particle"
                },
                "down": {
                    "texture": "#particle"
                },
                "west": {
                    "uv": [0,6,1,11],
                    "texture": "#particle"
                },
                "east": {
                    "uv": [0,15,1,16],
                    "texture": "#particle"
                },
                "north": {
                    "uv": [3,0,4,1],
                    "texture": "#particle"
                },
                "south": {
                    "uv": [6,15,9,16],
                    "texture": "#particle"
                }
            }
        },
        {
            "from": [13,0,0],
            "to": [16,3,16],
            "faces": {
                "up": {
                    "texture": "#particle"
                },
                "down": {
                    "texture": "#particle"
                },
                "west": {
                    "uv": [0,15,1,16],
                    "texture": "#particle"
                },
                "east": {
                    "uv": [0,6,1,9],
                    "texture": "#particle"
                },
                "north": {
                    "uv": [3,0,4,1],
                    "texture": "#particle"
                },
                "south": {
                    "uv": [6,15,9,16],
                    "texture": "#particle"
                }
            }
        },
        {
            "from": [3,0,0],
            "to": [13,3,3],
            "faces": {
                "up": {
                    "texture": "#particle"
                },
                "down": {
                    "uv": [3,13,13,16],
                    "texture": "#particle"
                },
                "north": {
                    "uv": [3,0,4,1],
                    "texture": "#particle"
                },
                "south": {
                    "uv": [0,15,1,16],
                    "texture": "#particle"
                }
            }
        },
        {
            "from": [3,0,13],
            "to": [13,3,16],
            "faces": {
                "up": {
                    "texture": "#particle"
                },
                "down": {
                    "uv": [3,0,13,3],
                    "texture": "#particle"
                },
                "north": {
                    "uv": [0,15,1,16],
                    "texture": "#particle"
                },
                "south": {
                    "uv": [7,14,9,16],
                    "texture": "#particle"
                }
            }
        },
        {
            "from": [5,1,3],
            "to": [7,2,13],
            "faces": {
                "up": {
                    "texture": "#particle"
                },
                "down": {
                    "texture": "#particle"
                },
                "west": {
                    "texture": "#particle"
                },
                "east": {
                    "texture": "#particle"
                }
            }
        },
        {
            "from": [3,1,5],
            "to": [13,2,7],
            "faces": {
                "up": {
                    "texture": "#particle"
                },
                "down": {
                    "texture": "#particle"
                },
                "north": {
                    "texture": "#particle"
                },
                "south": {
                    "texture": "#particle"
                }
            }
        },
        {
            "from": [3,1,9],
            "to": [13,2,11],
            "faces": {
                "up": {
                    "texture": "#particle"
                },
                "down": {
                    "texture": "#particle"
                },
                "north": {
                    "texture": "#particle"
                },
                "south": {
                    "texture": "#particle"
                }
            }
        },
        {
            "from": [9,1,3],
            "to": [11,2,13],
            "faces": {
                "up": {
                    "texture": "#particle"
                },
                "down": {
                    "texture": "#particle"
                },
                "west": {
                    "texture": "#particle"
                },
                "east": {
                    "texture": "#particle"
                }
            }
        }
    ]
}