{
    "__createdwith": "opl's Model Creator",
    "ambientocclusion": true,
    "textures": {
        "particle": "blocks/mob_spawner",
        "spawner": "randomblocks/mob_spawner"
    },
    "elements": [
        {
            "from": [0,0,0],
            "to": [16,16,16],
            "faces": {
                "up": {
                    "uv": [0,8,8,16],
                    "texture": "#spawner"
                },
                "down": {
                    "uv": [8,8,16,16],
                    "texture": "#spawner"
                },
                "west": {
                    "uv": [8,0,16,8],
                    "texture": "#spawner"
                },
                "east": {
                    "uv": [8,0,16,8],
                    "texture": "#spawner"
                },
                "north": {
                    "uv": [0,0,8,8],
                    "texture": "#spawner"
                },
                "south": {
                    "uv": [0,0,8,8],
                    "texture": "#spawner"
                }
            }
        }
    ]
}