{
    "__createdwith": "opl's Model Creator",
    "ambientocclusion": true,
    "textures": {
        "particle": "randomblocks/fence/dark_oak",
        "planks": "blocks/planks_big_oak"
    },
    "elements": [
        {
            "from": [0,0,7],
            "to": [2,16,9],
            "faces": {
                "up": {
                    "uv": [0,7,2,9],
                    "texture": "#particle"
                },
                "down": {
                    "texture": "#particle"
                },
                "west": {
                    "uv": [0,0,2,16],
                    "texture": "#particle"
                },
                "east": {
                    "uv": [0,0,2,16],
                    "texture": "#particle"
                },
                "north": {
                    "uv": [11,0,13,16],
                    "texture": "#particle"
                },
                "south": {
                    "uv": [11,0,13,16],
                    "texture": "#particle"
                }
            }
        },
        {
            "from": [14,0,7],
            "to": [16,16,9],
            "faces": {
                "up": {
                    "uv": [0,7,2,9],
                    "texture": "#particle"
                },
                "down": {
                    "texture": "#particle"
                },
                "west": {
                    "uv": [11,0,13,16],
                    "texture": "#particle"
                },
                "east": {
                    "uv": [11,0,13,16],
                    "texture": "#particle"
                },
                "north": {
                    "uv": [0,0,2,16],
                    "texture": "#particle"
                },
                "south": {
                    "uv": [0,0,2,16],
                    "texture": "#particle"
                }
            }
        },
        {
            "from": [0,0,13],
            "to": [2,16,15],
            "faces": {
                "up": {
                    "uv": [2,0,4,2],
                    "texture": "#planks"
                },
                "down": {
                    "uv": [6,5,10,7],
                    "texture": "#planks"
                },
                "west": {
                    "uv": [11,0,13,16],
                    "texture": "#particle"
                },
                "east": {
                    "uv": [11,0,13,16],
                    "texture": "#particle"
                },
                "north": {
                    "uv": [0,0,2,16],
                    "texture": "#particle"
                },
                "south": {
                    "uv": [0,0,2,16],
                    "texture": "#particle"
                }
            }
        },
        {
            "from": [0,12,9],
            "to": [2,15,13],
            "faces": {
                "up": {
                    "uv": [0,0,2,4],
                    "texture": "#particle"
                },
                "down": {
                    "uv": [5,5,7,9],
                    "texture": "#particle"
                },
                "west": {
                    "uv": [10,0,14,3],
                    "texture": "#planks"
                },
                "east": {
                    "uv": [10,0,14,3],
                    "texture": "#planks"
                }
            }
        },
        {
            "from": [14,0,13],
            "to": [16,16,15],
            "faces": {
                "up": {
                    "uv": [0,7,2,9],
                    "texture": "#particle"
                },
                "down": {
                    "texture": "#particle"
                },
                "west": {
                    "uv": [0,0,2,16],
                    "texture": "#particle"
                },
                "east": {
                    "uv": [0,0,2,16],
                    "texture": "#particle"
                },
                "north": {
                    "uv": [11,0,13,16],
                    "texture": "#particle"
                },
                "south": {
                    "uv": [11,0,13,16],
                    "texture": "#particle"
                }
            }
        },
        {
            "from": [0,1,9],
            "to": [2,4,13],
            "faces": {
                "up": {
                    "uv": [0,0,2,4],
                    "texture": "#particle"
                },
                "down": {
                    "uv": [5,5,7,9],
                    "texture": "#particle"
                },
                "west": {
                    "uv": [10,5,14,8],
                    "texture": "#planks"
                },
                "east": {
                    "uv": [10,5,14,8],
                    "texture": "#planks"
                }
            }
        },
        {
            "from": [0,6,9],
            "to": [2,10,13],
            "faces": {
                "up": {
                    "uv": [0,0,2,4],
                    "texture": "#particle"
                },
                "down": {
                    "uv": [5,5,7,9],
                    "texture": "#particle"
                },
                "west": {
                    "uv": [10,11,14,15],
                    "texture": "#planks"
                },
                "east": {
                    "uv": [10,11,14,15],
                    "texture": "#planks"
                }
            }
        },
        {
            "from": [14,12,9],
            "to": [16,15,13],
            "faces": {
                "up": {
                    "uv": [0,0,2,4],
                    "texture": "#particle"
                },
                "down": {
                    "uv": [5,5,7,9],
                    "texture": "#particle"
                },
                "west": {
                    "uv": [10,0,14,3],
                    "texture": "#planks"
                },
                "east": {
                    "uv": [10,0,14,3],
                    "texture": "#planks"
                }
            }
        },
        {
            "from": [14,6,9],
            "to": [16,10,13],
            "faces": {
                "up": {
                    "uv": [0,0,2,4],
                    "texture": "#particle"
                },
                "down": {
                    "uv": [5,5,7,9],
                    "texture": "#particle"
                },
                "west": {
                    "uv": [10,11,14,15],
                    "texture": "#planks"
                },
                "east": {
                    "uv": [10,11,14,15],
                    "texture": "#planks"
                }
            }
        },
        {
            "from": [14,1,9],
            "to": [16,4,13],
            "faces": {
                "up": {
                    "uv": [0,0,2,4],
                    "texture": "#particle"
                },
                "down": {
                    "uv": [5,5,7,9],
                    "texture": "#particle"
                },
                "west": {
                    "uv": [10,5,14,8],
                    "texture": "#planks"
                },
                "east": {
                    "uv": [10,5,14,8],
                    "texture": "#planks"
                }
            }
        }
    ]
}