{
    "__createdwith": "opl's Model Creator",
    "ambientocclusion": true,
    "textures": {
        "particle": "randomblocks/fence/spruce",
        "planks": "blocks/planks_spruce"
    },
    "elements": [
        {
            "from": [0,13,6],
            "to": [5,15,10],
            "faces": {
                "up": {
                    "uv": [1,7,6,11],
                    "texture": "#planks"
                },
                "down": {
                    "uv": [0,0,5,4],
                    "texture": "#planks"
                },
                "west": {
                    "texture": "#planks"
                },
                "north": {
                    "uv": [10,0,15,2],
                    "texture": "#planks"
                },
                "south": {
                    "uv": [0,0,5,2],
                    "texture": "#planks"
                }
            }
        },
        {
            "from": [11,13,6],
            "to": [16,15,10],
            "faces": {
                "up": {
                    "uv": [4,7,9,11],
                    "texture": "#planks"
                },
                "down": {
                    "uv": [11,0,16,4],
                    "texture": "#planks"
                },
                "east": {
                    "texture": "#planks"
                },
                "north": {
                    "uv": [2,0,7,2],
                    "texture": "#planks"
                },
                "south": {
                    "uv": [11,0,16,2],
                    "texture": "#planks"
                }
            }
        },
        {
            "from": [5,0,6],
            "to": [7,16,10],
            "faces": {
                "up": {
                    "uv": [1,4,3,8],
                    "texture": "#particle"
                },
                "down": {
                    "texture": "#particle"
                },
                "west": {
                    "uv": [11,0,15,16],
                    "texture": "#particle"
                },
                "east": {
                    "uv": [0,0,4,16],
                    "texture": "#particle"
                },
                "north": {
                    "uv": [0,0,2,16],
                    "texture": "#particle"
                },
                "south": {
                    "texture": "#particle"
                }
            }
        },
        {
            "from": [9,0,6],
            "to": [11,16,10],
            "faces": {
                "up": {
                    "uv": [1,4,3,8],
                    "texture": "#particle"
                },
                "down": {
                    "uv": [11,6,13,10],
                    "texture": "#particle"
                },
                "west": {
                    "uv": [0,0,4,16],
                    "texture": "#particle"
                },
                "east": {
                    "uv": [11,0,15,16],
                    "texture": "#particle"
                },
                "north": {
                    "uv": [5,0,7,16],
                    "texture": "#particle"
                },
                "south": {
                    "uv": [11,0,13,16],
                    "texture": "#particle"
                }
            }
        },
        {
            "from": [0,5,7],
            "to": [1,13,9],
            "faces": {
                "west": {
                    "uv": [0,0,2,9],
                    "texture": "#particle"
                },
                "east": {
                    "uv": [11,2,13,11],
                    "texture": "#particle"
                },
                "north": {
                    "uv": [1,3,2,11],
                    "texture": "#particle"
                },
                "south": {
                    "uv": [1,3,2,11],
                    "texture": "#particle"
                }
            }
        },
        {
            "from": [0,3,6],
            "to": [5,5,10],
            "faces": {
                "up": {
                    "uv": [2,5,7,9],
                    "texture": "#planks"
                },
                "down": {
                    "uv": [0,11,5,15],
                    "texture": "#planks"
                },
                "west": {
                    "texture": "#planks"
                },
                "north": {
                    "uv": [3,5,8,7],
                    "texture": "#planks"
                },
                "south": {
                    "texture": "#planks"
                }
            }
        },
        {
            "from": [11,3,6],
            "to": [16,5,10],
            "faces": {
                "up": {
                    "uv": [8,5,13,9],
                    "texture": "#planks"
                },
                "down": {
                    "uv": [11,11,16,15],
                    "texture": "#planks"
                },
                "east": {
                    "texture": "#planks"
                },
                "north": {
                    "uv": [2,11,7,13],
                    "texture": "#planks"
                },
                "south": {
                    "texture": "#planks"
                }
            }
        },
        {
            "from": [15,5,7],
            "to": [16,13,9],
            "faces": {
                "west": {
                    "uv": [11,1,13,10],
                    "texture": "#particle"
                },
                "east": {
                    "uv": [11,2,13,11],
                    "texture": "#particle"
                },
                "north": {
                    "uv": [3,2,4,10],
                    "texture": "#particle"
                },
                "south": {
                    "uv": [3,2,4,10],
                    "texture": "#particle"
                }
            }
        }
    ]
}