{
    "variants": {
        "normal": [
		{ "model": "cobblestone/cobblestone", "weight": 35 },
		{ "model": "cobblestone/cobblestone_a", "weight": 30 },
		{ "model": "cobblestone/cobblestone_b", "weight": 25 },
		{ "model": "cobblestone/cobblestone_c", "weight": 5 },
		{ "model": "cobblestone/cobblestone_d", "weight": 5 },
		{ "model": "cobblestone/cobblestone_e", "weight": 5 },
		{ "model": "cobblestone/cobblestone_f", "weight": 10 },
		{ "model": "cobblestone/cobblestone_g", "weight": 10 }
		]
    }
}
