{
    "__createdwith": "opl's Model Creator",
    "ambientocclusion": true,
    "textures": {
        "particle": "randomblocks/fence/birch"
    },
    "elements": [
        {
            "from": [7,0,14],
            "to": [9,16,16],
            "faces": {
                "up": {
                    "uv": [8,8,10,10],
                    "texture": "#particle"
                },
                "down": {
                    "uv": [9,5,11,7],
                    "texture": "#particle"
                },
                "west": {
                    "uv": [8,0,10,16],
                    "texture": "#particle"
                },
                "east": {
                    "uv": [10,0,12,16],
                    "texture": "#particle"
                },
                "north": {
                    "uv": [0,0,2,16],
                    "texture": "#particle"
                },
                "south": {
                    "uv": [4,0,6,16],
                    "texture": "#particle"
                }
            }
        },
        {
            "from": [7,-1,10],
            "to": [9,15,14],
            "faces": {
                "up": {
                    "uv": [12,6,14,10],
                    "texture": "#particle"
                },
                "down": {
                    "uv": [8,6,10,10],
                    "texture": "#particle"
                },
                "west": {
                    "uv": [8,0,12,16],
                    "texture": "#particle"
                },
                "east": {
                    "uv": [8,0,12,16],
                    "texture": "#particle"
                },
                "north": {
                    "uv": [9,0,11,16],
                    "texture": "#particle"
                },
                "south": {
                    "uv": [3,0,5,16],
                    "texture": "#particle"
                }
            }
        }
    ]
}