{
    "__createdwith": "opl's Model Creator",
    "ambientocclusion": true,
    "textures": {
        "particle": "randomblocks/fence/dark_oak",
        "planks": "blocks/planks_big_oak"
    },
    "elements": [
        {
            "from": [6,0,6],
            "to": [10,16,10],
            "faces": {
                "up": {
                    "uv": [0,0,4,4],
                    "texture": "#particle"
                },
                "down": {
                    "uv": [0,0,4,4],
                    "texture": "#particle"
                },
                "west": {
                    "uv": [11,0,15,16],
                    "texture": "#particle"
                },
                "east": {
                    "uv": [11,0,15,16],
                    "texture": "#particle"
                },
                "north": {
                    "uv": [0,0,4,16],
                    "texture": "#particle"
                },
                "south": {
                    "uv": [0,0,4,16],
                    "texture": "#particle"
                }
            }
        },
        {
            "from": [0,1,7],
            "to": [6,4,9],
            "faces": {
                "up": {
                    "uv": [4,1,10,3],
                    "texture": "#planks"
                },
                "down": {
                    "uv": [6,6,12,8],
                    "texture": "#planks"
                },
                "west": {
                    "uv": [11,0,13,3],
                    "texture": "#particle"
                },
                "east": {
                    "uv": [11,0,15,16],
                    "texture": "#particle"
                },
                "north": {
                    "uv": [2,0,8,3],
                    "texture": "#planks"
                },
                "south": {
                    "uv": [8,0,14,3],
                    "texture": "#planks"
                }
            }
        },
        {
            "from": [0,12,7],
            "to": [6,15,9],
            "faces": {
                "up": {
                    "uv": [4,1,10,3],
                    "texture": "#planks"
                },
                "down": {
                    "uv": [6,6,12,8],
                    "texture": "#planks"
                },
                "west": {
                    "uv": [11,0,13,3],
                    "texture": "#particle"
                },
                "east": {
                    "uv": [11,0,15,16],
                    "texture": "#particle"
                },
                "north": {
                    "uv": [2,0,8,3],
                    "texture": "#planks"
                },
                "south": {
                    "uv": [8,0,14,3],
                    "texture": "#planks"
                }
            }
        },
        {
            "from": [0,6,7],
            "to": [6,10,9],
            "faces": {
                "up": {
                    "uv": [4,1,10,3],
                    "texture": "#planks"
                },
                "down": {
                    "uv": [6,6,12,8],
                    "texture": "#planks"
                },
                "west": {
                    "uv": [11,0,13,3],
                    "texture": "#particle"
                },
                "east": {
                    "uv": [11,0,15,16],
                    "texture": "#particle"
                },
                "north": {
                    "uv": [2,0,8,4],
                    "texture": "#planks"
                },
                "south": {
                    "uv": [8,0,14,4],
                    "texture": "#planks"
                }
            }
        },
        {
            "from": [10,12,7],
            "to": [16,15,9],
            "faces": {
                "up": {
                    "uv": [4,1,10,3],
                    "texture": "#planks"
                },
                "down": {
                    "uv": [6,6,12,8],
                    "texture": "#planks"
                },
                "west": {
                    "uv": [11,0,13,3],
                    "texture": "#particle"
                },
                "east": {
                    "uv": [11,0,13,3],
                    "texture": "#particle"
                },
                "north": {
                    "uv": [8,0,14,3],
                    "texture": "#planks"
                },
                "south": {
                    "uv": [2,0,8,3],
                    "texture": "#planks"
                }
            }
        },
        {
            "from": [10,1,7],
            "to": [16,4,9],
            "faces": {
                "up": {
                    "uv": [4,1,10,3],
                    "texture": "#planks"
                },
                "down": {
                    "uv": [6,6,12,8],
                    "texture": "#planks"
                },
                "west": {
                    "uv": [11,0,13,3],
                    "texture": "#particle"
                },
                "east": {
                    "uv": [11,0,13,3],
                    "texture": "#particle"
                },
                "north": {
                    "uv": [8,0,14,3],
                    "texture": "#planks"
                },
                "south": {
                    "uv": [2,0,8,3],
                    "texture": "#planks"
                }
            }
        },
        {
            "from": [10,6,7],
            "to": [16,10,9],
            "faces": {
                "up": {
                    "uv": [4,1,10,3],
                    "texture": "#planks"
                },
                "down": {
                    "uv": [6,6,12,8],
                    "texture": "#planks"
                },
                "west": {
                    "uv": [11,0,13,3],
                    "texture": "#particle"
                },
                "east": {
                    "uv": [11,0,13,3],
                    "texture": "#particle"
                },
                "north": {
                    "uv": [8,0,14,4],
                    "texture": "#planks"
                },
                "south": {
                    "uv": [2,0,8,4],
                    "texture": "#planks"
                }
            }
        }
    ]
}