{
    "__createdwith": "opl's Model Creator",
    "ambientocclusion": true,
    "textures": {
        "particle": "randomblocks/fence/jungle"
    },
    "elements": [
        {
            "from": [7,-1,10],
            "to": [9,15,16],
            "faces": {
                "up": {
                    "uv": [6,0,8,6],
                    "texture": "#particle"
                },
                "down": {
                    "uv": [6,0,8,6],
                    "texture": "#particle"
                },
                "west": {
                    "uv": [10,0,16,16],
                    "texture": "#particle"
                },
                "east": {
                    "uv": [0,0,6,16],
                    "texture": "#particle"
                },
                "north": {
                    "uv": [4,0,6,16],
                    "texture": "#particle"
                },
                "south": {
                    "uv": [4,0,6,16],
                    "texture": "#particle"
                }
            }
        }
    ]
}