{
    "__createdwith": "opl's Model Creator",
    "ambientocclusion": true,
    "textures": {
        "particle": "randomblocks/fence/spruce",
        "planks": "blocks/planks_spruce"
    },
    "elements": [
        {
            "from": [0,14,6],
            "to": [16,16,10],
            "faces": {
                "up": {
                    "uv": [0,11,16,15],
                    "texture": "#planks"
                },
                "down": {
                    "uv": [0,0,16,4],
                    "texture": "#planks"
                },
                "west": {
                    "texture": "#planks"
                },
                "east": {
                    "texture": "#planks"
                },
                "north": {
                    "texture": "#planks"
                },
                "south": {
                    "uv": [0,5,16,7],
                    "texture": "#planks"
                }
            }
        },
        {
            "from": [6,5,6],
            "to": [10,14,10],
            "faces": {
                "west": {
                    "uv": [11,7,15,16],
                    "texture": "#particle"
                },
                "east": {
                    "uv": [0,7,4,16],
                    "texture": "#particle"
                },
                "north": {
                    "uv": [0,7,4,16],
                    "texture": "#particle"
                },
                "south": {
                    "uv": [11,7,15,16],
                    "texture": "#particle"
                }
            }
        },
        {
            "from": [0,3,6],
            "to": [16,5,10],
            "faces": {
                "up": {
                    "uv": [0,11,16,15],
                    "texture": "#planks"
                },
                "down": {
                    "uv": [0,0,16,4],
                    "texture": "#planks"
                },
                "west": {
                    "texture": "#planks"
                },
                "east": {
                    "texture": "#planks"
                },
                "north": {
                    "texture": "#planks"
                },
                "south": {
                    "uv": [0,11,16,13],
                    "texture": "#planks"
                }
            }
        },
        {
            "from": [6,0,6],
            "to": [10,3,10],
            "faces": {
                "down": {
                    "uv": [0,0,4,4],
                    "texture": "#planks"
                },
                "west": {
                    "uv": [11,13,15,16],
                    "texture": "#particle"
                },
                "east": {
                    "uv": [0,13,4,16],
                    "texture": "#particle"
                },
                "north": {
                    "uv": [0,13,4,16],
                    "texture": "#particle"
                },
                "south": {
                    "uv": [11,13,15,16],
                    "texture": "#particle"
                }
            }
        },
        {
            "from": [0,5,7],
            "to": [1,14,9],
            "faces": {
                "west": {
                    "uv": [12,7,14,16],
                    "texture": "#particle"
                },
                "east": {
                    "uv": [1,0,3,9],
                    "texture": "#particle"
                },
                "north": {
                    "uv": [2,7,3,16],
                    "texture": "#particle"
                },
                "south": {
                    "uv": [14,7,15,16],
                    "texture": "#particle"
                }
            }
        },
        {
            "from": [15,5,7],
            "to": [16,14,9],
            "faces": {
                "west": {
                    "uv": [12,7,14,16],
                    "texture": "#particle"
                },
                "east": {
                    "uv": [1,0,3,9],
                    "texture": "#particle"
                },
                "north": {
                    "uv": [3,7,4,16],
                    "texture": "#particle"
                },
                "south": {
                    "uv": [13,7,14,16],
                    "texture": "#particle"
                }
            }
        }
    ]
}