{
    "__createdwith": "opl's Model Creator",
    "ambientocclusion": false,
    "textures": {
        "particle": "randomblocks/doors/door_acacia"
    },
    "elements": [
        {
            "from": [0,7,0],
            "to": [1,11,16],
            "faces": {
                "up": {
                    "uv": [8,11.5,16,12],
                    "texture": "#particle",
                    "rotation": 90
                },
                "down": {
                    "uv": [8,13.5,16,14],
                    "texture": "#particle",
                    "rotation": 90
                },
                "west": {
                    "uv": [8,2.5,16,4.5],
                    "texture": "#particle"
                },
                "north": {
                    "uv": [8,11.5,8.5,13.5],
                    "texture": "#particle"
                },
                "south": {
                    "uv": [10.5,9,11,11],
                    "texture": "#particle"
                }
            }
        },
        {
            "from": [1,0,0],
            "to": [2,16,16],
            "faces": {
                "up": {
                    "uv": [6.5,0.5,7,8.5],
                    "texture": "#particle"
                },
                "west": {
                    "uv": [0,0,8,8],
                    "texture": "#particle"
                },
                "east": {
                    "uv": [8,0,0,8],
                    "texture": "#particle"
                },
                "north": {
                    "uv": [5.5,3.5,6,11.5],
                    "texture": "#particle"
                },
                "south": {
                    "uv": [5.5,3.5,6,11.5],
                    "texture": "#particle"
                }
            }
        },
        {
            "from": [2,7,0],
            "to": [3,11,16],
            "faces": {
                "up": {
                    "uv": [8,11.5,16,12],
                    "texture": "#particle",
                    "rotation": 90
                },
                "down": {
                    "uv": [8,13.5,16,14],
                    "texture": "#particle",
                    "rotation": 90
                },
                "east": {
                    "uv": [8,0,16,2],
                    "texture": "#particle"
                },
                "north": {
                    "uv": [8,11.5,8.5,13.5],
                    "texture": "#particle"
                },
                "south": {
                    "uv": [10.5,9,11,11],
                    "texture": "#particle"
                }
            }
        }
    ]
}