{
    "__createdwith": "opl's Model Creator",
    "ambientocclusion": false,
    "textures": {
        "particle": "randomblocks/doors/door_dark_oak"
    },
    "elements": [
        {
            "from": [0,0,0],
            "to": [3,3,16],
            "faces": {
                "up": {
                    "uv": [0.5,0,1,0.5],
                    "texture": "#particle"
                },
                "down": {
                    "uv": [0,8,1.5,14.5],
                    "texture": "#particle"
                },
                "west": {
                    "uv": [0,14.5,8,16],
                    "texture": "#particle"
                },
                "east": {
                    "uv": [0,14.5,8,16],
                    "texture": "#particle"
                },
                "north": {
                    "uv": [0,13.5,1.5,15],
                    "texture": "#particle"
                },
                "south": {
                    "uv": [6.5,13.5,8,15],
                    "texture": "#particle"
                }
            }
        },
        {
            "from": [0,3,13],
            "to": [3,16,16],
            "faces": {
                "west": {
                    "uv": [0,8,1.5,14.5],
                    "texture": "#particle"
                },
                "east": {
                    "uv": [0,8,1.5,14.5],
                    "texture": "#particle"
                },
                "north": {
                    "uv": [0,8,1.5,14.5],
                    "texture": "#particle"
                },
                "south": {
                    "uv": [6.5,1.5,8,8],
                    "texture": "#particle"
                }
            }
        },
        {
            "from": [0,3,0],
            "to": [3,16,3],
            "faces": {
                "west": {
                    "uv": [0,8,1.5,14.5],
                    "texture": "#particle"
                },
                "east": {
                    "uv": [0,8,1.5,14.5],
                    "texture": "#particle"
                },
                "north": {
                    "uv": [0,1.5,1.5,8],
                    "texture": "#particle"
                },
                "south": {
                    "uv": [0,8,1.5,14.5],
                    "texture": "#particle"
                }
            }
        },
        {
            "from": [-1,13,1],
            "to": [0,15,3],
            "faces": {
                "up": {
                    "uv": [7,8.5,7.5,9],
                    "texture": "#particle"
                },
                "down": {
                    "uv": [6.5,9,7.5,9.5],
                    "texture": "#particle"
                },
                "west": {
                    "uv": [6.5,8.5,7.5,9.5],
                    "texture": "#particle"
                },
                "north": {
                    "uv": [6.5,8.5,7,9.5],
                    "texture": "#particle"
                },
                "south": {
                    "uv": [7,8.5,7.5,9.5],
                    "texture": "#particle"
                }
            }
        },
        {
            "from": [3,13,1],
            "to": [4,15,3],
            "faces": {
                "up": {
                    "uv": [7,8.5,7.5,9],
                    "texture": "#particle"
                },
                "down": {
                    "uv": [6.5,9,7.5,9.5],
                    "texture": "#particle"
                },
                "east": {
                    "uv": [6.5,8.5,7.5,9.5],
                    "texture": "#particle"
                },
                "north": {
                    "uv": [7,8.5,7.5,9.5],
                    "texture": "#particle"
                },
                "south": {
                    "uv": [6.5,8.5,7,9.5],
                    "texture": "#particle"
                }
            }
        },
        {
            "from": [1,3,3],
            "to": [2,16,13],
            "faces": {
                "west": {
                    "uv": [1.5,8,6.5,14.5],
                    "texture": "#particle"
                },
                "east": {
                    "uv": [1.5,8,6.5,14.5],
                    "texture": "#particle"
                }
            }
        }
    ]
}