{
    "__createdwith": "opl's Model Creator",
    "ambientocclusion": false,
    "textures": {
        "particle": "randomblocks/doors/door_jungle"
    },
    "elements": [
        {
            "from": [0,13,0],
            "to": [3,16,16],
            "faces": {
                "up": {
                    "uv": [0,15.5,0.5,16],
                    "texture": "#particle"
                },
                "down": {
                    "uv": [2,15.5,2.5,16],
                    "texture": "#particle"
                },
                "west": {
                    "uv": [0,14.5,8,16],
                    "texture": "#particle"
                },
                "east": {
                    "uv": [0,14.5,8,16],
                    "texture": "#particle"
                },
                "north": {
                    "uv": [0,14.5,1.5,16],
                    "texture": "#particle"
                },
                "south": {
                    "uv": [6.5,14.5,8,16],
                    "texture": "#particle"
                }
            }
        },
        {
            "from": [0,0,0],
            "to": [3,13,3],
            "faces": {
                "west": {
                    "uv": [0,1.5,1.5,8],
                    "texture": "#particle"
                },
                "east": {
                    "uv": [6.5,1.5,8,8],
                    "texture": "#particle"
                },
                "north": {
                    "uv": [0,1.5,1.5,8],
                    "texture": "#particle"
                },
                "south": {
                    "uv": [0,1.5,1.5,8],
                    "texture": "#particle"
                }
            }
        },
        {
            "from": [0,0,13],
            "to": [3,13,16],
            "faces": {
                "west": {
                    "uv": [6.5,1.5,8,8],
                    "texture": "#particle"
                },
                "east": {
                    "uv": [0,1.5,1.5,8],
                    "texture": "#particle"
                },
                "north": {
                    "uv": [6.5,1.5,8,8],
                    "texture": "#particle"
                },
                "south": {
                    "uv": [6.5,1.5,8,8],
                    "texture": "#particle"
                }
            }
        },
        {
            "from": [1,0,4],
            "to": [2,13,7],
            "faces": {
                "west": {
                    "uv": [2,1.5,3.5,8],
                    "texture": "#particle"
                },
                "east": {
                    "uv": [4.5,1.5,6,8],
                    "texture": "#particle"
                },
                "north": {
                    "uv": [2,1.5,2.5,8],
                    "texture": "#particle"
                },
                "south": {
                    "uv": [4.5,1.5,5,8],
                    "texture": "#particle"
                }
            }
        },
        {
            "from": [1,0,9],
            "to": [2,13,12],
            "faces": {
                "west": {
                    "uv": [4.5,1.5,6,8],
                    "texture": "#particle"
                },
                "east": {
                    "uv": [2,1.5,3.5,8],
                    "texture": "#particle"
                },
                "north": {
                    "uv": [2,1.5,2.5,8],
                    "texture": "#particle"
                },
                "south": {
                    "uv": [4.5,1.5,5,8],
                    "texture": "#particle"
                }
            }
        },
        {
            "from": [0,5,3],
            "to": [3,8,13],
            "faces": {
                "up": {
                    "uv": [0,15.5,0.5,16],
                    "texture": "#particle"
                },
                "down": {
                    "uv": [2,15.5,2.5,16],
                    "texture": "#particle"
                },
                "west": {
                    "uv": [1.5,4,6.5,5.5],
                    "texture": "#particle"
                },
                "east": {
                    "uv": [1.5,4,6.5,5.5],
                    "texture": "#particle"
                }
            }
        },
        {
            "from": [1,12,12],
            "to": [2,13,13],
            "faces": {
                "down": {
                    "uv": [2,15.5,2.5,16],
                    "texture": "#particle"
                },
                "west": {
                    "uv": [6,1.5,6.5,2],
                    "texture": "#particle"
                },
                "east": {
                    "uv": [1.5,1.5,2,2],
                    "texture": "#particle"
                }
            }
        },
        {
            "from": [1,12,3],
            "to": [2,13,4],
            "faces": {
                "down": {
                    "uv": [2,15.5,2.5,16],
                    "texture": "#particle"
                },
                "west": {
                    "uv": [6,1.5,6.5,2],
                    "texture": "#particle"
                },
                "east": {
                    "uv": [1.5,1.5,2,2],
                    "texture": "#particle"
                }
            }
        },
        {
            "from": [1,0,3],
            "to": [2,1,4],
            "faces": {
                "up": {
                    "uv": [0,15.5,0.5,16],
                    "texture": "#particle"
                },
                "west": {
                    "uv": [1.5,7.5,2,8],
                    "texture": "#particle"
                },
                "east": {
                    "uv": [1.5,7.5,2,8],
                    "texture": "#particle"
                }
            }
        },
        {
            "from": [1,0,12],
            "to": [2,1,13],
            "faces": {
                "up": {
                    "uv": [0,15.5,0.5,16],
                    "texture": "#particle"
                },
                "west": {
                    "uv": [1.5,7.5,2,8],
                    "texture": "#particle"
                },
                "east": {
                    "uv": [1.5,7.5,2,8],
                    "texture": "#particle"
                }
            }
        }
    ]
}