{
    "__createdwith": "opl's Model Creator",
    "ambientocclusion": false,
    "textures": {
        "particle": "randomblocks/doors/door_spruce",
        "all": "randomblocks/doors/door_spruce"
    },
    "elements": [
        {
            "from": [1,0,0],
            "to": [2,15,4],
            "faces": {
                "up": {
                    "uv": [2,0,4,0.5],
                    "texture": "#particle"
                },
                "west": {
                    "uv": [0,0.5,2,8],
                    "texture": "#particle"
                },
                "east": {
                    "uv": [2,0.5,0,8],
                    "texture": "#all"
                },
                "north": {
                    "uv": [0,8,0.5,15.5],
                    "texture": "#all"
                }
            }
        },
        {
            "from": [0,7,0],
            "to": [1,11,16],
            "faces": {
                "up": {
                    "uv": [8,11.5,16,12],
                    "texture": "#all",
                    "rotation": 90
                },
                "down": {
                    "uv": [8,13.5,16,14],
                    "texture": "#all",
                    "rotation": 90
                },
                "west": {
                    "uv": [8,2.5,16,4.5],
                    "texture": "#particle"
                },
                "north": {
                    "uv": [8,11.5,8.5,13.5],
                    "texture": "#all"
                },
                "south": {
                    "uv": [10.5,9,11,11],
                    "texture": "#all"
                }
            }
        },
        {
            "from": [1,0,8],
            "to": [2,15,12],
            "faces": {
                "up": {
                    "uv": [4,0.5,6,1],
                    "texture": "#all"
                },
                "west": {
                    "uv": [4,0.5,6,8],
                    "texture": "#all"
                },
                "east": {
                    "uv": [6,0.5,4,8],
                    "texture": "#all"
                }
            }
        },
        {
            "from": [1,0,4],
            "to": [2,16,8],
            "faces": {
                "up": {
                    "uv": [0,0.5,2,1],
                    "texture": "#all"
                },
                "west": {
                    "uv": [2,0,4,8],
                    "texture": "#all"
                },
                "east": {
                    "uv": [4,0,2,8],
                    "texture": "#all"
                },
                "north": {
                    "uv": [3.5,8,4,16],
                    "texture": "#all"
                },
                "south": {
                    "uv": [3.5,8,4,16],
                    "texture": "#particle"
                }
            }
        },
        {
            "from": [1,0,12],
            "to": [2,16,16],
            "faces": {
                "up": {
                    "uv": [6,0,8,0.5],
                    "texture": "#all"
                },
                "west": {
                    "uv": [6,0,8,8],
                    "texture": "#all"
                },
                "east": {
                    "uv": [8,0,6,8],
                    "texture": "#all"
                },
                "north": {
                    "uv": [3.5,8,4,16],
                    "texture": "#all"
                },
                "south": {
                    "uv": [3.5,8,4,16],
                    "texture": "#particle"
                }
            }
        },
        {
            "from": [2,7,0],
            "to": [3,11,16],
            "faces": {
                "up": {
                    "uv": [8,11.5,16,12],
                    "texture": "#all",
                    "rotation": 90
                },
                "down": {
                    "uv": [8,13.5,16,14],
                    "texture": "#all",
                    "rotation": 90
                },
                "east": {
                    "uv": [8,0,16,2],
                    "texture": "#all"
                },
                "north": {
                    "uv": [8,11.5,8.5,13.5],
                    "texture": "#all"
                },
                "south": {
                    "uv": [10.5,9,11,11],
                    "texture": "#all"
                }
            }
        }
    ]
}